id,degree_name,description,start_date,end_date,study_type,is_verified,is_verified_degree_type,is_verified_school,created_by,created_at,updated_at,degree_type_id,school_id,resource_id
8,japanese business,a study program in japanese business at waseda university.,2023-01-01 00:00:00,2023-12-31 00:00:00,0,0,0,0,,2024-09-11 10:15:11,2024-09-11 10:15:11,5,29.0,8
9,executive mba,"executive mba program at essec & mannheim business schools, including global business and public policymaking at georgetown university and sustainability and leadership at eada business school.",2022-01-01 00:00:00,2022-12-31 00:00:00,0,0,0,0,,2024-09-11 10:15:11,2024-09-11 10:15:11,3,30.0,8
10,"engineer, software and data architect",engineering in software and data architect at polytechnique nantes.,2008-01-01 00:00:00,2008-12-31 00:00:00,0,0,0,0,,2024-09-11 10:15:11,2024-09-11 10:15:11,8,31.0,8
11,it bachelor,bachelor's degree in it at nantes university.,2005-01-01 00:00:00,2005-12-31 00:00:00,0,0,0,0,,2024-09-11 10:15:11,2024-09-11 10:15:11,2,32.0,8
12,mathematics degree,degree in mathematics at nantes university.,2004-01-01 00:00:00,2004-12-31 00:00:00,0,0,0,0,,2024-09-11 10:15:11,2024-09-11 10:15:11,2,32.0,8
13,second year master's degree in organisational and ,i am currently pursuing my second year master's degree at ibn tofail university. the studies focus on organisational and strategic management.,2023-01-01 00:00:00,,0,0,0,0,,2024-09-11 10:16:19,2024-09-11 10:16:19,3,33.0,9
14,bachelor's degree in marketing and commerce,completed a bachelor's degree focusing on marketing strategies and commerce principles at ibn tofail university.,2021-10-01 00:00:00,2022-07-01 00:00:00,0,0,0,0,,2024-09-11 10:16:19,2024-09-11 10:16:19,2,33.0,9
15,advanced technician's certificate (bts) in managem,achieved a bts certification for managing small and medium-sized enterprises and industries.,2019-10-01 00:00:00,2021-07-01 00:00:00,0,0,0,0,,2024-09-11 10:16:19,2024-09-11 10:16:19,5,34.0,9
16,high school diploma in economics and management,obtained a high school diploma specializing in economics and management.,2018-09-01 00:00:00,2019-06-01 00:00:00,0,0,0,0,,2024-09-11 10:16:19,2024-09-11 10:16:19,1,35.0,9
17,diplôme d’ingénieur d’etat en informatique et rése,"programme d'étude couvrant l'informatique, les réseaux et l'option miage, y compris l'apprentissage de plusieurs langages de programmation et compétences techniques.",2020-09-01 00:00:00,,0,0,0,0,,2024-09-11 10:16:32,2024-09-11 10:16:32,7,36.0,10
18,études à l'université internationale de rabat,période d'étude couvrant divers aspects de l'ingénierie,2019-09-01 00:00:00,2020-09-01 00:00:00,0,0,0,0,,2024-09-11 10:16:32,2024-09-11 10:16:32,2,37.0,10
19,engineering degree in computer science,"studies in various models related to cs, networks, ai, web development. ensuring a strong foundation in computer science along with hands-on experience.",2019-09-01 00:00:00,2024-09-01 00:00:00,0,0,0,0,,2024-09-11 10:16:37,2024-09-11 10:16:37,8,38.0,11
20,computer science major,"studies in computer science focusing on core programming, data structures, algorithms, and system design.",2022-10-01 00:00:00,2023-12-01 00:00:00,0,0,0,0,,2024-09-11 10:16:37,2024-09-11 10:16:37,5,39.0,11
21,"baccalaureate, mathematical sciences a",high school studies with a focus on advanced mathematics and sciences.,2017-10-01 00:00:00,2018-12-01 00:00:00,0,0,0,0,,2024-09-11 10:16:37,2024-09-11 10:16:37,1,40.0,11
22,génie informatique,"j'ai étudié divers modèles relatifs à l'informatique, réseau, ia, développement web.",2016-09-01 01:00:00,2018-06-01 01:00:00,0,0,0,0,,2024-09-11 10:19:13,2024-09-11 10:19:13,6,41.0,14
23,ingénierie des applications mobiles,formation spécialisée dans le développement et l'ingénierie des applications mobiles.,2018-09-01 01:00:00,2019-06-01 01:00:00,0,0,0,0,,2024-09-11 10:19:13,2024-09-11 10:19:13,2,42.0,14
24,iot – logiciel et analyse,"spécialisation dans les technologies iot, logiciels et analyse des données.",2019-09-01 01:00:00,2021-06-01 01:00:00,0,0,0,0,,2024-09-11 10:19:13,2024-09-11 10:19:13,3,43.0,14
25,baccalauréat sciences physique,"baccalauréat en sciences physique à lycée ibn abdoun khouribga, mention bien.",2018-09-01 00:00:00,2018-06-01 00:00:00,0,0,0,0,,2024-09-11 10:19:19,2024-09-11 10:19:19,1,44.0,12
26,génie informatique option administration de systèm,dut en génie informatique avec option administration de systèmes et réseaux à école supérieure de technologie de safi - université cadi ayyad.,2019-09-01 00:00:00,2021-06-01 00:00:00,0,0,0,0,,2024-09-11 10:19:19,2024-09-11 10:19:19,2,45.0,12
27,cycle d'ingénierie informatique et réseaux (iir),cycle d'ingénierie en informatique et réseaux à école marocaine des sciences de l'ingénieur casablanca (emsi).,2021-09-01 00:00:00,2024-06-01 00:00:00,0,0,0,0,,2024-09-11 10:19:19,2024-09-11 10:19:19,8,46.0,12
28,sécurité de l’information et cryptologie,lauréate du master « sécurité de l’information et cryptologie »,2014-09-01 00:00:00,,0,0,0,0,,2024-09-11 10:19:23,2024-09-11 10:19:23,3,47.0,13
29,sciences mathématiques et informatique,licence « sciences mathématiques et informatique »,,2012-08-31 00:00:00,0,0,0,0,,2024-09-11 10:19:23,2024-09-11 10:19:23,2,48.0,13
30,sciences mathématiques,baccalauréat « sciences mathématiques »,,2008-08-31 00:00:00,0,0,0,0,,2024-09-11 10:19:23,2024-09-11 10:19:23,1,49.0,13
31,software engineer degree,"software engineering studies focusing on software development, computer science principles, and applications.",,2017-01-01 00:00:00,0,0,0,0,,2024-09-19 17:27:56,2024-09-19 17:27:56,8,3.0,15
32,"science bachelor degree, physics option","bachelor studies in physics, covering fundamental topics in science.",,2012-01-01 00:00:00,0,0,0,0,,2024-09-19 17:27:56,2024-09-19 17:27:56,2,50.0,15
33,diplôme d'ingénierie informatique et réseaux optio,"a study focusing on computer science and networks with a miage option, including courses related to software development, databases, and information systems.",2021-09-01 00:00:00,2024-06-30 00:00:00,0,0,0,0,,2024-09-19 17:28:08,2024-09-19 17:28:08,8,7.0,16
34,diplôme universitaire de technologie (dut),a technical university diploma with a focus on applied computer science and technology.,2019-09-01 00:00:00,2021-06-30 00:00:00,0,0,0,0,,2024-09-19 17:28:08,2024-09-19 17:28:08,6,42.0,16
35,baccalauréat science physique,a high school diploma with a focus on physical sciences.,2018-09-01 00:00:00,2019-06-30 00:00:00,0,0,0,0,,2024-09-19 17:28:08,2024-09-19 17:28:08,1,51.0,16
36,ingénierie du développement web et mobile,"études sur le développement web et mobile, couvrant divers modèles liés au développement web et mobile, réseaux, et bases de données.",2021-01-01 00:00:00,2024-01-01 00:00:00,0,0,0,0,,2024-09-19 17:38:22,2024-09-19 17:38:22,8,52.0,17
37,brevet de technicien supérieur (bts) en multimédia,études sur la conception multimédia et le développement web couvrant divers modèles liés à la conception graphique et au développement web.,2018-01-01 00:00:00,2020-01-01 00:00:00,0,0,0,0,,2024-09-19 17:38:22,2024-09-19 17:38:22,6,52.0,17
38,"master en ingénierie informatique, big data et clo","master en ingénierie informatique avec spécialisation en big data et cloud computing. formation couvrant des sujets avancés en informatique, développement logiciel, et technologies cloud.",,2023-01-01 00:00:00,0,0,0,0,,2024-09-19 17:39:45,2024-09-19 17:39:45,3,53.0,18
39,master management stratégique des ressources humai,"j'ai étudié divers modèles de gestion stratégique des ressources humaines incluant le recrutement, acquisition de talents, gestion de la marque employeur et conformité légale.",2022-09-01 00:00:00,2024-06-30 00:00:00,0,0,0,0,,2024-09-30 09:19:18,2024-09-30 09:19:18,3,54.0,19
40,licence en finance et comptabilité,"j'ai étudié les fondamentaux de la finance et de la comptabilité, y compris les finances d'entreprise, la comptabilité financière et la gestion des risques.",2021-09-01 00:00:00,2022-06-30 00:00:00,0,0,0,0,,2024-09-30 09:19:18,2024-09-30 09:19:18,2,54.0,19
41,science économiques et gestion,étude des principes économiques et de gestion appliqués aux entreprises et organisations.,2019-09-01 00:00:00,2021-06-30 00:00:00,0,0,0,0,,2024-09-30 09:19:18,2024-09-30 09:19:18,2,54.0,19
42,baccalauréat science économie,formation de niveau baccalauréat en sciences économiques.,2018-09-01 00:00:00,2019-06-30 00:00:00,0,0,0,0,,2024-09-30 09:19:18,2024-09-30 09:19:18,1,55.0,19
43,certificat d'étude anglaise,certification en anglais pour les études académiques.,,,0,0,0,0,,2024-09-30 09:19:18,2024-09-30 09:19:18,5,,19
44,diplôme d’ingénieur en informatique (option génie ,"ingenieur en informatique avec une spécialisation en génie logiciel, couvrant divers sujets liés à l'informatique, les réseaux, l'ia, et le développement web.",,2021-09-09 01:00:00,0,0,0,0,,2024-10-23 09:20:06,2024-10-23 09:20:06,8,56.0,21
45,master's degree in computer science,"computer science studies which consist on learning and practicing a versatile set of skills from programming languages, algorithms, database management, to dealing with hardware systems and electrical components.",2014-09-01 00:00:00,2017-07-01 00:00:00,0,0,0,0,,2024-10-23 09:20:10,2024-10-23 09:20:10,3,57.0,22
46,preparatory classes - option: maths/physics,"intensive studies in maths, physics and engineering sciences.",2012-09-01 00:00:00,2014-07-01 00:00:00,0,0,0,0,,2024-10-23 09:20:10,2024-10-23 09:20:10,5,58.0,22
47,master en management organisationnel et stratégiqu,"étudiante en 2ème année de master en management organisationnel et stratégique à l'université ibn tofail, en cours depuis janvier 2023.",2023-01-01 00:00:00,,0,0,0,0,,2024-11-08 15:00:32,2024-11-08 15:00:32,3,59.0,23
48,licence fondamentale en marketing et commerce,"études en marketing et commerce à l'université ibn tofail, d'octobre 2021 à juillet 2022.",2021-10-01 00:00:00,2022-07-01 00:00:00,0,0,0,0,,2024-11-08 15:00:32,2024-11-08 15:00:32,2,59.0,23
49,brevet de technicien supérieur (bts) gestion des p,"formation en gestion des pme-pmi au lycée qualifiant ibn sina-kénitra, d'octobre 2019 à juillet 2021.",2019-10-01 00:00:00,2021-07-01 00:00:00,0,0,0,0,,2024-11-08 15:00:32,2024-11-08 15:00:32,6,60.0,23
50,baccalauréat en sciences économiques et gestion op,formation en sciences économiques et gestion au lycée qualifiant technique ibn sina de septembre 2018 à juin 2019.,2018-09-01 00:00:00,2019-06-01 00:00:00,0,0,0,0,,2024-11-08 15:00:32,2024-11-08 15:00:32,1,61.0,23
51,bachelor's degree in business administration,"studied various aspects of business administration including finance, marketing, and management at beirut arab university.",2010-09-01 00:00:00,2013-06-01 00:00:00,0,0,0,0,,2024-11-08 15:00:39,2024-11-08 15:00:39,2,62.0,25
52,"microsoft html5, javascript and css3 certification","certification covering html5, javascript, and css3 technologies.",,,0,0,0,0,,2024-11-08 15:00:44,2024-11-08 15:00:44,5,63.0,24
53,honours in business management with finance,"bsc (honours) in business management with finance at bayes business school, london, uk. studied modules such as quantitative methods & analytics, financial management accounting, econometrics.",2019-09-01 00:00:00,2022-06-01 00:00:00,0,0,0,0,,2024-11-08 15:01:00,2024-11-08 15:01:00,2,64.0,26
54,web and mobile development,"a professional certificate program focusing on web and mobile development techniques, including java, jee, hibernate, oracle, and angular.",2021-09-09 00:00:00,2023-06-30 00:00:00,0,0,0,0,,2024-11-12 10:01:25,2024-11-12 10:01:25,5,65.0,27
55,technicien en développement informatique,"technical training in computer development, focusing on software development techniques and software tools.",2019-09-09 00:00:00,2021-07-01 00:00:00,0,0,0,0,,2024-11-12 10:01:25,2024-11-12 10:01:25,6,66.0,27
56,mathématiques et informatique,"an undergraduate program focusing on mathematics and computer science, building foundational knowledge in programming and data structures.",2018-09-09 00:00:00,2019-07-01 00:00:00,0,0,0,0,,2024-11-12 10:01:25,2024-11-12 10:01:25,2,67.0,27
57,baccalauréat option sciences physiques,high school diploma with a focus on physical sciences.,2017-09-09 00:00:00,2018-07-01 00:00:00,0,0,0,0,,2024-11-12 10:01:25,2024-11-12 10:01:25,1,68.0,27
58,state engineer degree in computer networks and inf,studied various models related to computer networks and information systems.,2015-09-01 01:00:00,2018-06-30 01:00:00,0,0,0,0,,2024-11-12 10:01:27,2024-11-12 10:01:27,7,69.0,32
59,"diploma of university studies in mathematics, comp","focused on foundational mathematics, computer science, physics, and chemistry.",2013-09-01 01:00:00,2015-06-30 01:00:00,0,0,0,0,,2024-11-12 10:01:27,2024-11-12 10:01:27,5,69.0,32
60,baccalaureate in physical sciences,graduated with honors in physical sciences.,2012-09-01 01:00:00,2013-06-30 01:00:00,0,0,0,0,,2024-11-12 10:01:27,2024-11-12 10:01:27,1,70.0,32
61,ingénieur informatique du logiciel,"a description of the degree or diploma, including the study period, courses taken, and skills acquired during the period 2005-2007. specialized in software engineering.",2005-09-01 00:00:00,2007-06-01 00:00:00,0,0,0,0,,2024-11-12 10:01:34,2024-11-12 10:01:34,8,71.0,30
62,baccalauréat série sciences expérimentales,"the baccalaureate in experimental sciences completed in rabat, providing foundational knowledge in scientific studies.",2002-09-01 01:00:00,2003-07-01 01:00:00,0,0,0,0,,2024-11-12 10:01:35,2024-11-12 10:01:35,1,72.0,31
63,"diplôme d’ingénieur, génie informatique et réseaux","study period covering advanced topics in computer science and networks, with specialization in miage at the ecole marocaine des sciences de l’ingénieur.",2003-09-01 01:00:00,2007-07-01 01:00:00,0,0,0,0,,2024-11-12 10:01:35,2024-11-12 10:01:35,8,73.0,31
64,formation jee5,"complementary training on java enterprise edition 5, enhancing development skills with jee technologies.",2009-01-01 01:00:00,2009-02-01 01:00:00,0,0,0,0,,2024-11-12 10:01:35,2024-11-12 10:01:35,5,74.0,31
65,java memory management,an online course focused on effective memory management in java applications.,2021-01-01 01:00:00,2021-02-01 01:00:00,1,0,0,0,,2024-11-12 10:01:35,2024-11-12 10:01:35,5,75.0,31
66,state engineering degree in computer engineering,"study period: 2020-2023. specialization in web engineering and mobile computing. gained experience in java development, web development, databases, and software engineering.",2020-01-01 00:00:00,2023-01-01 00:00:00,0,0,0,0,,2024-11-12 10:01:39,2024-11-12 10:01:39,7,76.0,29
67,"certificate of access to engineering schools, math",study period: 2017-2020. focused on mathematics and physics.,2017-01-01 00:00:00,2020-01-01 00:00:00,0,0,0,0,,2024-11-12 10:01:39,2024-11-12 10:01:39,5,77.0,29
68,baccalaureate in mathematical sciences a,graduated in 2017 with mention very good in es-semara.,2014-01-01 00:00:00,2017-01-01 00:00:00,0,0,0,0,,2024-11-12 10:01:39,2024-11-12 10:01:39,1,78.0,29
69,phd – intelligence artificial,machine learning for fraud detection in financial transactions. obtained at université cote d’azur.,2021-09-09 01:00:00,2022-08-09 01:00:00,0,0,0,0,,2024-11-12 10:01:44,2024-11-12 10:01:44,4,79.0,28
70,master méthodes informatiques appliquées à la gest,"study focused on mobiquités, big data and integration of systems.",2021-09-09 01:00:00,2022-08-09 01:00:00,0,0,0,0,,2024-11-12 10:01:44,2024-11-12 10:01:44,3,79.0,28
71,ingénieur d’état en génie informatique (miage),state engineering degree focusing on informatics and management.,2015-09-09 01:00:00,2019-07-09 01:00:00,0,0,0,0,,2024-11-12 10:01:44,2024-11-12 10:01:44,7,80.0,28
72,licence en génie informatique,bachelor's degree in computer engineering.,2015-09-09 01:00:00,2019-07-09 01:00:00,0,0,0,0,,2024-11-12 10:01:44,2024-11-12 10:01:44,2,81.0,28
73,baccalauréat sciences physiques,high school diploma in physical sciences.,2014-09-09 01:00:00,2015-07-09 01:00:00,0,0,0,0,,2024-11-12 10:01:44,2024-11-12 10:01:44,1,82.0,28
74,master d’universitaire spécialisé en ingénierie de,"option qualité du logiciel. studied software quality, application development, and engineering techniques.",2016-09-01 00:00:00,2018-06-30 00:00:00,0,0,0,0,,2024-11-12 10:01:53,2024-11-12 10:01:53,3,83.0,33
75,licda (licence universitaire professionnelle ingén,focused on application design and development.,2014-09-01 00:00:00,2015-06-30 00:00:00,0,0,0,0,,2024-11-12 10:01:53,2024-11-12 10:01:53,2,84.0,33
76,diplôme d'ingénieur en informatique,"diplôme d'ingénieur en informatique avec option en ingénierie des systèmes d’information à l’école nationale des sciences appliquées de tétouan. comprend des études en modèles liés à l'informatique, les réseaux, l'intelligence artificielle et le développement web.",2013-09-01 00:00:00,2016-06-30 00:00:00,0,0,0,0,,2024-11-12 10:02:02,2024-11-12 10:02:02,8,85.0,35
77,baccalauréat,obtention du baccalauréat avec option science mathématiques-a- mention bien.,2010-09-01 00:00:00,2011-06-30 00:00:00,0,0,0,0,,2024-11-12 10:02:02,2024-11-12 10:02:02,1,86.0,35
78,attestation de formation sur l’industrie monétique,formation sur l'industrie monétique et la sécurité électronique avec l'étude des systèmes monétiques et des mesures de sécurité.,2018-01-01 00:00:00,2019-01-01 00:00:00,0,0,0,0,,2024-11-12 10:02:20,2024-11-12 10:02:20,5,87.0,34
79,graduate diploma in information technology softwar,"studied various models related to cs, software engineering focusing on java technologies, including courses in programming, databases, and web development.",2007-01-01 00:00:00,2012-01-01 00:00:00,0,0,0,0,,2024-11-12 10:02:20,2024-11-12 10:02:20,8,88.0,34
80,technicien supérieur en informatique de gestion,"technical studies focused on it management, including courses on programming, systems analysis, and data management.",2003-01-01 00:00:00,2006-01-01 00:00:00,0,0,0,0,,2024-11-12 10:02:20,2024-11-12 10:02:20,6,89.0,34
81,entreprenariat en économie numérique et leadership,training in digital economy entrepreneurship and leadership skills development.,2012-01-01 00:00:00,2013-01-01 00:00:00,0,0,0,0,,2024-11-12 10:02:20,2024-11-12 10:02:20,5,90.0,34
82,specialised master’s degree in financial technique,"pricing of vanilla and exotic options, risk management, econometrics",2003-09-01 00:00:00,2004-06-01 00:00:00,0,0,0,0,,2024-12-11 11:08:28,2024-12-11 11:08:28,3,91.0,36
83,"master of science in computer science, network and","network and telecommunication, computing, statistics",2000-09-01 00:00:00,2003-06-01 00:00:00,0,0,0,0,,2024-12-11 11:08:29,2024-12-11 11:08:29,3,92.0,36
84,master en big data & aide à la décision,"data scientist spécialisé en intelligence artificielle et en apprentissage automatique, avec une solide expérience dans l'analyse de données. utilisation de python pour manipuler, analyser et visualiser des données, tout en exploitant des bibliothèques telles que tensorflow et scikit-learn. création de tableaux de bord interactifs avec power bi.",2021-09-01 01:00:00,2023-06-01 01:00:00,0,0,0,0,,2024-12-16 10:29:02,2024-12-16 10:29:02,3,38.0,38
85,licence professionnelle en informatique décisionne,acquisition des compétences pour l'analyse de données et la création de systèmes d'aide à la décision.,2018-09-01 01:00:00,2021-06-01 01:00:00,0,0,0,0,,2024-12-16 10:29:02,2024-12-16 10:29:02,2,93.0,38
86,diplôme universitaire de technologie en développeu,formation en développement d'applications avec un focus sur les compétences pratiques.,2018-09-01 01:00:00,2020-06-01 01:00:00,0,0,0,0,,2024-12-16 10:29:02,2024-12-16 10:29:02,6,93.0,38
87,baccalauréat scientifique option science physique,formation générale avec une spécialisation en sciences physiques.,,2018-06-01 01:00:00,0,0,0,0,,2024-12-16 10:29:02,2024-12-16 10:29:02,1,94.0,38
88,computer engineering – big data & cloud computing,"engineering degree focusing on big data & cloud computing at enset mohammedia, completed in june 2024, covering advanced topics in computing, data processing, and cloud technologies.",,2024-06-01 00:00:00,0,0,0,0,,2024-12-16 10:29:07,2024-12-16 10:29:07,8,95.0,37
89,general university studies diploma – secondary edu,diploma completed at ens tetouan in july 2021 with specialization in mathematics.,,2021-07-01 00:00:00,0,0,0,0,,2024-12-16 10:29:07,2024-12-16 10:29:07,1,96.0,37
90,master’s in big data and iot,"big data, iot, data analysis, machine learning, deep learning",2022-10-01 00:00:00,2024-07-01 00:00:00,0,0,0,0,,2024-12-16 10:29:09,2024-12-16 10:29:09,3,97.0,39
91,ai and data science,"machine learning, deep learning, data analysis, big data",2021-10-01 00:00:00,2022-06-01 00:00:00,0,0,0,0,,2024-12-16 10:29:09,2024-12-16 10:29:09,6,98.0,39
92,business intelligence and data science,"programming, data analysis, machine learning, deep learning",2019-10-01 00:00:00,2021-07-01 00:00:00,0,0,0,0,,2024-12-16 10:29:09,2024-12-16 10:29:09,6,99.0,39
93,master en statistique and econométrie,"master de recherche en statistique inférentielle, mesure de dépendance, optimisation et méthodes de prévision linéaire et non linéaire.",2019-10-01 01:00:00,,0,0,0,0,,2024-12-16 10:29:22,2024-12-16 10:29:22,3,100.0,41
94,licence en mathématiques appliquées,"mathématiques, analyse numérique, programmation et optimisation",2013-10-01 01:00:00,2017-06-01 01:00:00,0,0,0,0,,2024-12-16 10:29:22,2024-12-16 10:29:22,2,101.0,41
95,high school diploma of mathematics science b optio,"this diploma was obtained in july 2018, focusing on mathematics and sciences.",,2018-07-01 00:00:00,0,0,0,0,,2024-12-16 10:29:33,2024-12-16 10:29:33,1,102.0,40
96,fundamental bachelor degree in mathematics and com,"this bachelor's degree was completed in july 2022 at cadi ayyad university, covering essential courses in mathematics and computer science.",,2022-07-01 00:00:00,0,0,0,0,,2024-12-16 10:29:33,2024-12-16 10:29:33,2,103.0,40
97,master of research in computer science and artific,"this master's degree is being pursued at ibn tofail university, focusing on advanced research in computer science and artificial intelligence.",,2024-11-01 00:00:00,0,0,0,0,,2024-12-16 10:29:33,2024-12-16 10:29:33,3,104.0,40
98,phd in statistical analysis and texture image clas,"doctorate from the faculty of sciences – rabat, focused on statistical analysis and texture image classification from 2014 to 2018.",2014-01-01 01:00:00,2018-01-01 01:00:00,0,0,0,0,,2024-12-16 10:29:34,2024-12-16 10:29:34,4,105.0,42
99,master in it: image processing,master's program at the faculty of sciences – rabat with a concentration on image processing from 2011 to 2013.,2011-01-01 01:00:00,2013-01-01 01:00:00,0,0,0,0,,2024-12-16 10:29:34,2024-12-16 10:29:34,3,105.0,42
100,bachelor’s degree in mathematics and computer scie,"bachelor's degree in mathematics and computer science, providing a foundation in programming and computation from 2008 to 2011.",2008-01-01 01:00:00,2011-01-01 01:00:00,0,0,0,0,,2024-12-16 10:29:34,2024-12-16 10:29:34,2,105.0,42
101,embedded systems & digital services engineering,studied at national institute of posts and telecommunications with a focus on embedded systems & digital services engineering from 2020 to 2023.,2020-09-01 01:00:00,2023-06-01 01:00:00,0,0,0,0,,2024-12-17 09:27:00,2024-12-17 09:27:00,8,106.0,43
102,physics and engineering sciences,"attended higher schools preparatory classes - reda slaoui, focusing on physics and engineering sciences from 2018 to 2020.",2018-09-01 01:00:00,2020-06-01 01:00:00,0,0,0,0,,2024-12-17 09:27:00,2024-12-17 09:27:00,5,107.0,43
103,phd in fake review detection with llms,"focused on detecting fake reviews using large language models. the study period from 2022 to 2026 at ensias included courses and projects around machine learning, deep learning, and natural language processing.",2022-01-01 00:00:00,2026-01-01 00:00:00,0,0,0,0,,2024-12-17 10:36:00,2024-12-17 10:36:00,4,43.0,44
104,master's degree in data science and big data,"studied advanced techniques in data science, big data management, and machine learning at ensias from 2020 to 2022. gained proficiency in data analysis and handling large datasets.",2020-01-01 00:00:00,2022-01-01 00:00:00,0,0,0,0,,2024-12-17 10:36:00,2024-12-17 10:36:00,3,43.0,44
105,bachelor's degree in software engineering,"completed bachelor's studies in software engineering at fst, errachidia in 2019-2020, focusing on software development, algorithms, and data structures.",2019-01-01 00:00:00,2020-01-01 00:00:00,0,0,0,0,,2024-12-17 10:36:00,2024-12-17 10:36:00,2,108.0,44
106,diploma bts multimedia and web design,"focused on multimedia and web design, gaining skills in web development and design concepts, studied at the preparatory class for bts from 2017 to 2019.",2017-01-01 00:00:00,2019-01-01 00:00:00,0,0,0,0,,2024-12-17 10:36:00,2024-12-17 10:36:00,6,109.0,44
107,scientific baccalaureate,"completed scientific baccalaureate at tafilalet high school in 2017, focusing on fundamental sciences and analytical skills.",2016-01-01 00:00:00,2017-01-01 00:00:00,0,0,0,0,,2024-12-17 10:36:00,2024-12-17 10:36:00,1,110.0,44
108,diplôme d’ingénieur en data engineering,"a étudié l'ingénierie des données à l'institut national des postes et télécommunications, axée sur les systèmes de gestion des données, l'analyse des données, et les infrastructures de cloud computing.",,,0,0,0,0,,2024-12-17 10:36:51,2024-12-17 10:36:51,8,111.0,45
109,"classes préparatoires aux grandes écoles, filière ","études préparatoires aux grandes écoles avec une spécialisation en mathématiques, physique et sciences de l'ingénieur, axées sur les méthodes quantitatives et analytiques.",,,0,0,0,0,,2024-12-17 10:36:51,2024-12-17 10:36:51,6,112.0,45
110,specialized master's degree in data science,"having recently graduated with a master's degree in data science. passionate about data and its transformative potential, i possess a strong background in data analysis, statistics, machine learning, and deep learning in across various industries.",2022-09-01 01:00:00,,0,0,0,0,,2024-12-18 09:52:50,2024-12-18 09:52:50,3,113.0,46
111,bachelor's degree in mathematic and computer scien,studied mathematics and computer sciences with a focus on programming and algorithm development.,2021-10-01 01:00:00,2022-07-01 01:00:00,0,0,0,0,,2024-12-18 09:52:50,2024-12-18 09:52:50,2,114.0,46
112,high school diploma in mathematics option a,completed high school with a focus on advanced mathematics courses.,2017-09-01 01:00:00,2018-06-01 01:00:00,0,0,0,0,,2024-12-18 09:52:50,2024-12-18 09:52:50,1,115.0,46
113,product owner certification,"certified as a product owner in project management from io4pm, enhancing skills in project management.",2021-01-01 00:00:00,2021-12-31 23:59:59,1,0,0,0,,2024-12-19 16:28:56,2024-12-19 16:28:56,5,116.0,47
114,scrum master certification,scrum master certified to enhance knowledge and application of agile methodologies.,2020-01-01 00:00:00,2020-12-31 23:59:59,1,0,0,0,,2024-12-19 16:28:56,2024-12-19 16:28:56,5,117.0,47
115,market finance certification,"certification in market finance from intec paris cnam, specializing in market finance products and tools.",2017-01-01 00:00:00,2017-12-31 23:59:59,0,0,0,0,,2024-12-19 16:28:56,2024-12-19 16:28:56,5,118.0,47
116,graduate engineer in computer sciences,"engineering degree in computer sciences from ensias-ensimag, focusing on computation, systems, and networks.",2008-09-01 00:00:00,2011-06-30 23:59:59,0,0,0,0,,2024-12-19 16:28:56,2024-12-19 16:28:56,8,119.0,47
117,preparatory classes to the french engineering scho,"preparatory classes in fès, morocco focused on mathematics and physics for french engineering schools.",2005-09-01 00:00:00,2008-06-30 23:59:59,0,0,0,0,,2024-12-19 16:28:56,2024-12-19 16:28:56,1,120.0,47
118,baccalaureate in mathematical sciences,"baccalaureate obtained in fès, morocco specializing in mathematical sciences.",2005-01-01 00:00:00,2005-12-31 23:59:59,0,0,0,0,,2024-12-19 16:28:56,2024-12-19 16:28:56,1,120.0,47
119,professional risk management certification,"certified in professional risk management with extensive experience using murex platforms in banking sectors including investment banking, asset management, and credit analysis.",2011-07-01 00:00:00,2011-07-31 00:00:00,0,0,0,0,,2024-12-22 15:36:58,2024-12-22 15:36:58,6,121.0,48
120,master's in computer science,"completed master's studies with focus on various it and computing concepts, software development, databases, and financial data analysis.",2000-06-01 00:00:00,,0,0,0,0,,2024-12-22 15:36:58,2024-12-22 15:36:58,3,122.0,48
121,finance major,"studied various financial models and principles, financial management, and analysis techniques.",1999-06-01 00:00:00,,0,0,0,0,,2024-12-22 15:36:59,2024-12-22 15:36:59,1,123.0,48
122,baccalauréat en sciences,concentration in mathematics and physics.,1993-06-01 00:00:00,,0,0,0,0,,2024-12-22 15:36:59,2024-12-22 15:36:59,1,124.0,48
123,bachelor in computer science,"studied computer science from 1997 to 2002, covering various models related to programming, networks, and software development.",1997-01-01 00:00:00,2002-01-01 00:00:00,0,0,0,0,,2024-12-22 15:37:31,2024-12-22 15:37:31,2,125.0,49
124,planning and management projects,"studied planning and management projects based on pmbok fifth edition in sao paulo, brazil with a focus on project management frameworks and methodologies.",2014-01-01 00:00:00,2015-01-01 00:00:00,0,0,0,0,,2024-12-22 15:37:31,2024-12-22 15:37:31,6,126.0,49
125,itil foundation v3,certification in itil foundation v3 focusing on it service management.,2015-01-01 00:00:00,2015-12-31 00:00:00,1,0,0,0,,2024-12-22 15:37:31,2024-12-22 15:37:31,5,127.0,49
126,certification amf,"certification amf (par le cnam), obtained in 2017.",,2017-01-01 00:00:00,0,0,0,0,,2024-12-22 15:41:09,2024-12-22 15:41:09,5,128.0,50
127,master m2 finances de marché et gestion des capita,master m2 finances de marché et gestion des capitaux at cnam-essec,,2008-01-01 00:00:00,0,0,0,0,,2024-12-22 15:41:09,2024-12-22 15:41:09,3,129.0,50
128,dess caae,"dess caae at iae montpellier, option systèmes d’information",,2000-01-01 00:00:00,0,0,0,0,,2024-12-22 15:41:09,2024-12-22 15:41:09,6,130.0,50
129,ecole des mines d’alès,graduated from ecole des mines d’alès,,1999-01-01 00:00:00,0,0,0,0,,2024-12-22 15:41:09,2024-12-22 15:41:09,8,131.0,50
130,"licence informatique, computer science",studies at university paris iv focused on database and system technologies.,1988-09-01 00:00:00,1988-09-01 00:00:00,0,0,0,0,,2024-12-22 15:49:49,2024-12-22 15:49:49,2,132.0,51
131,computer science engineer,"studies focused on computer science engineering covering software, databases, operating systems, development methodologies, and business analysis.",1989-01-01 00:00:00,1989-12-31 00:00:00,0,0,0,0,,2024-12-22 15:49:49,2024-12-22 15:49:49,8,133.0,52
132,master in economics with specialization in financi,master's degree program at faculdade de economia da universidade de coimbra taken between september 2019 and march 2021.,2019-09-01 00:00:00,2021-03-31 00:00:00,0,0,0,0,,2024-12-22 15:51:44,2024-12-22 15:51:44,3,134.0,53
133,bachelor degree,bachelor's degree at universidade da beira interior from september 2015 to july 2019.,2015-09-01 00:00:00,2019-07-31 00:00:00,0,0,0,0,,2024-12-22 15:51:44,2024-12-22 15:51:44,2,135.0,53
134,master 2 - international and corporate finance,"cours axés sur la finance de marché et la finance d’entreprises, parcours international: 80% des cours dispensés en anglais.",2009-09-01 01:00:00,2012-06-01 01:00:00,0,0,0,0,,2024-12-22 15:52:30,2024-12-22 15:52:30,3,136.0,54
135,business administration,"echange universitaire: 100% des cours dispensés en anglais, spécialisation: business administration, undergraduate level.",2010-09-01 01:00:00,2011-06-01 01:00:00,0,0,0,0,,2024-12-22 15:52:30,2024-12-22 15:52:30,2,137.0,54
136,classes préparatoires hec,preparatory classes for higher education.,2007-09-01 01:00:00,2009-06-01 01:00:00,0,0,0,0,,2024-12-22 15:52:30,2024-12-22 15:52:30,5,138.0,54
137,baccalauréat,secondary education diploma with mention assez bien.,,2007-06-01 01:00:00,0,0,0,0,,2024-12-22 15:52:30,2024-12-22 15:52:30,1,139.0,54
138,master's degree in computer science,"studied various models related to computer science, networks, ai, web development. courses included software development methodologies, database management, and network architecture.",2007-01-01 00:00:00,2011-01-01 00:00:00,0,0,0,0,,2024-12-22 15:54:39,2024-12-22 15:54:39,3,140.0,55
139,formation in finance,"formation in finance at cnam, paris",2006-01-01 00:00:00,,0,0,0,0,,2024-12-22 15:55:44,2024-12-22 15:55:44,5,141.0,57
140,engineer in science computer,"engineer in science computer at enseirb, bordeaux",2000-01-01 00:00:00,2003-01-01 00:00:00,0,0,0,0,,2024-12-22 15:55:44,2024-12-22 15:55:44,8,142.0,57
141,post-secondary preparation for engineering schools,post-secondary preparation for engineering schools in morocco,1998-01-01 00:00:00,2000-01-01 00:00:00,0,0,0,0,,2024-12-22 15:55:44,2024-12-22 15:55:44,5,143.0,57
142,"a-level (baccalauréat), mathematic","a-level (baccalauréat) in mathematics, morocco",1998-01-01 00:00:00,,0,0,0,0,,2024-12-22 15:55:44,2024-12-22 15:55:44,1,144.0,57
143,master 203 financial markets,"a master's degree focused on financial markets at université paris dauphine. courses likely included financial analysis, trading strategies, risk management, derivatives, and market regulations.",1999-09-01 01:00:00,2000-06-01 01:00:00,0,0,0,0,,2024-12-22 15:55:44,2024-12-22 15:55:44,3,145.0,56
144,master of business administration,"master's degree in business administration from the university of south florida, likely covering topics such as management, finance, marketing, and strategic planning.",1998-09-01 01:00:00,1999-08-01 01:00:00,0,0,0,0,,2024-12-22 15:55:44,2024-12-22 15:55:44,3,146.0,56
145,maîtrise de sciences et gestion,"a master's degree in sciences and management from université paris dauphine, with distinction.",1998-09-01 01:00:00,1999-08-01 01:00:00,0,0,0,0,,2024-12-22 15:55:44,2024-12-22 15:55:44,3,145.0,56
146,baccalauréat scientifique,a scientific baccalaureate obtained from lycée bertholet with distinction.,1994-09-01 01:00:00,1995-05-01 01:00:00,0,0,0,0,,2024-12-22 15:55:44,2024-12-22 15:55:44,1,147.0,56
150,ingénieur école d'ingénieurs des technologies de l,"diplôme d'ingénieur en spécialité informatique des réseaux obtenu à l'efrei. formation théorique et pratique avec des spécialités en réseaux, programmation, et gestion de projet de 2000 à 2005.",2000-09-01 01:00:00,2005-10-01 01:00:00,0,0,0,0,,2024-12-22 15:57:23,2024-12-22 15:57:23,8,149.0,59
151,baccalauréat scientifique,baccalauréat scientifique obtenu au lycée de loches à tours en juin 2000.,,2000-06-01 01:00:00,0,0,0,0,,2024-12-22 15:57:23,2024-12-22 15:57:23,1,150.0,59
152,master in quantitative finance and risk management,"the program included quantitative methods, risk management strategies, and financial markets analysis. graduated in 2012 with a score of 106/110 (gpa 27.2/30).",2011-09-01 00:00:00,2012-06-01 00:00:00,0,0,0,0,,2024-12-22 15:57:57,2024-12-22 15:57:57,3,151.0,60
153,bachelor degree in business engineering,focused on business and engineering principles. achieved a perfect score of 110/110 cum laude (gpa 28.23/30). winner of the general electric healthcare scholarship.,2007-09-01 00:00:00,2011-06-01 00:00:00,0,0,0,0,,2024-12-22 15:57:58,2024-12-22 15:57:58,2,152.0,60
154,high school degree in scientific studies,"completed with distinction, achieving a final mark of 100/100. awarded the bronze medal at the national round of the italian mathematical olympics.",2002-09-01 00:00:00,2007-06-01 00:00:00,0,0,0,0,,2024-12-22 15:57:58,2024-12-22 15:57:58,1,153.0,60
157,msc financial mathematics,"stochastic calculus, monte carlo methods in finance, numerical methods for pde in finance, tree methods in finance, pricing and hedging derivatives, risk management, coding, modelling and programming courses: advance c++, vba for finance.",2009-09-01 00:00:00,2010-09-01 00:00:00,0,0,0,0,,2024-12-22 15:59:09,2024-12-22 15:59:09,3,156.0,62
158,msc quantitative finance,"options pricing with the stochastic volatility model of heston, short yield curve reconstitution by vasicek model, options pricing with black & scholes model.",2009-09-01 00:00:00,2010-09-01 00:00:00,0,0,0,0,,2024-12-22 15:59:09,2024-12-22 15:59:09,3,157.0,62
159,master of mathematics,"advanced probability, applied statistics, partial differential equations, stochastic calculus and computing apply to mathematics.",2008-09-01 00:00:00,2009-09-01 00:00:00,0,0,0,0,,2024-12-22 15:59:09,2024-12-22 15:59:09,3,158.0,62
160,bachelor of mathematics and computing science,studies in mathematics and computing science,2005-09-01 00:00:00,2008-09-01 00:00:00,0,0,0,0,,2024-12-22 15:59:09,2024-12-22 15:59:09,2,159.0,62
161,financial engineering,financial engineering degree at cy tech - cy cergy paris université,2004-09-01 01:00:00,2008-06-01 01:00:00,0,0,0,0,,2024-12-22 16:00:34,2024-12-22 16:00:34,8,160.0,63
162,i.t project management,"studies, data extractions, info-center for marketing, financial and customer service departments. setting in network of the information technology infrastructure on windows nt and lotus notes et lotus domino intranet setup. c application development to transmit credit card transactions to the bank (natwest).",,,0,0,0,0,,2024-12-22 16:01:32,2024-12-22 16:01:32,6,161.0,64
163,master's in financial engineering and modeling,"options theory, structured products, project management, stochastic processes, quantitative analysis, risk management, derivatives pricing, banking regulation, asset management, vba, sql...",2018-09-09 01:00:00,2020-09-09 01:00:00,0,0,0,0,,2024-12-22 16:03:12,2024-12-22 16:03:12,3,162.0,65
164,bachelor's in applied mathematics to economics and,"linear algebra, function analysis, mechanics of particles, c language, econometrics, micro/macroeconomics, international trade, financial theory, probability and statistics, accounting",2015-09-09 01:00:00,2018-09-09 01:00:00,0,0,0,0,,2024-12-22 16:03:12,2024-12-22 16:03:12,2,162.0,65
165,master en systèmes distribués et technologies de l,"études sur les systèmes distribués et la science des données. compétences acquises : murex, sql, xml, java.",,,0,0,0,0,,2024-12-22 16:04:00,2024-12-22 16:04:00,3,161.0,66
166,certificate in quantitative finance,"quantitative finance & risk & return, equities & currencies & fixed income & commodities, credit products & risk, python for quantitative finance, data science and machine learning. final projects: predicting short-term equity returns utilizing long short-term memory (lstm) networks",,,0,0,0,0,,2024-12-22 16:05:30,2024-12-22 16:05:30,5,163.0,67
167,telecommunication engineering,"networking and distributed systems option, focusing on telecommunication systems.",,,0,0,0,0,,2024-12-22 16:05:30,2024-12-22 16:05:30,8,164.0,67
168,diplôme d’ingénieur d’etat en génie informatique,"etudes en génie informatique couvrant divers aspects de l'informatique, des réseaux et du développement",2011-09-01 00:00:00,2014-06-30 00:00:00,0,0,0,0,,2024-12-22 16:06:16,2024-12-22 16:06:16,7,165.0,68
169,diplôme universitaire de technologie en génie info,formation en génie informatique axée sur les bases de l'informatique et les technologies de l'information,2009-09-01 00:00:00,2011-06-30 00:00:00,0,0,0,0,,2024-12-22 16:06:16,2024-12-22 16:06:16,2,166.0,68
170,baccalauréat en sciences mathématiques,formation générale en mathématiques et sciences,,2009-06-30 00:00:00,0,0,0,0,,2024-12-22 16:06:16,2024-12-22 16:06:16,1,,68
171,master's degree computer science,"master’s degree computer science – university of evry – paris, france",,2009-01-01 01:00:00,0,0,0,0,,2024-12-22 16:07:30,2024-12-22 16:07:30,3,157.0,69
172,diplôme d'ingénieur en génie industriel spécialisé,"étude approfondie des principes de la chaîne d'approvisionnement, avec des cours sur la logistique, la qualité industrielle et l'organisation, compétences acquises en analyse fonctionnelle et gestion de projet, avec une méthode agile et cycle en v.",2015-09-01 00:00:00,2018-06-30 00:00:00,0,0,0,0,,2024-12-22 16:08:12,2024-12-22 16:08:12,8,167.0,70
173,dut en qualité logistique industrielle et organisa,"formation axée sur la logistique industrielle, la qualité et l'organisation des entreprises, avec des compétences développées en rédaction des spécifications et analyse des besoins.",2013-09-01 00:00:00,2015-06-30 00:00:00,0,0,0,0,,2024-12-22 16:08:12,2024-12-22 16:08:12,6,168.0,70
174,biomedical engineering,"studied bio-engineering at esgb - mohammed vi university of health sciences. courses included scientific research, medical imaging, and engineering principles.",,,0,0,0,0,,2024-12-22 17:34:35,2024-12-22 17:34:35,8,169.0,71
175,preparatory classes,"completed psi preparatory classes at okba ibn nafea center, focusing on advanced mathematics and science",,,0,0,0,0,,2024-12-22 17:34:35,2024-12-22 17:34:35,5,170.0,71
179,Master of science,,2001-01-01 00:00:00,2001-12-31 00:00:00,0,0,0,0,,2024-12-26 15:03:09,2024-12-26 15:03:09,3,173.0,61
180,Engineer,,1997-01-01 00:00:00,2000-12-31 00:00:00,0,0,0,0,,2024-12-26 15:03:09,2024-12-26 15:03:09,8,174.0,61
181,Master en big data & cloud computing,,2018-01-01 00:00:00,2020-01-01 00:00:00,0,0,0,0,,2024-12-26 15:11:51,2024-12-26 15:11:51,3,175.0,72
182,Licence en sciences mathématique et informatique,,2014-01-01 00:00:00,2018-01-01 00:00:00,0,0,0,0,,2024-12-26 15:11:51,2024-12-26 15:11:51,2,175.0,72
183,Baccalauréat en science mathématique,,2013-01-01 00:00:00,2014-01-01 00:00:00,0,0,0,0,,2024-12-26 15:11:51,2024-12-26 15:11:51,1,176.0,72
184,Specializing school in banking,"Specializing School in Banking from the University of Siena, Italy.",,,0,0,0,0,,2025-01-08 15:45:03,2025-01-08 15:45:03,6,178.0,74
185,Bachelor in banking economics,"Bachelor in Banking Economics from the University of Siena, Italy.",,,0,0,0,0,,2025-01-08 15:45:03,2025-01-08 15:45:03,2,178.0,74
186,Master's degree (computer sciences applied to business administration),"Main courses: data analysis, information systems, project management",,2005-01-01 00:00:00,0,0,0,0,,2025-01-08 15:55:25,2025-01-08 15:55:25,3,177.0,73
187,Bachelor's degree (computer sciences applied to business administration),"Main courses: accounting, finance, information systems, supply chain management, marketing",,2003-01-01 00:00:00,0,0,0,0,,2025-01-08 15:55:25,2025-01-08 15:55:25,2,179.0,73
188,General academic studies degree (maths applied in social sciences),"Main courses: maths, microeconomics, macroeconomics, computer sciences",,2002-01-01 00:00:00,0,0,0,0,,2025-01-08 15:55:26,2025-01-08 15:55:26,5,180.0,73
192,Dess finance and international tax,Master degree,2001-01-01 00:00:00,2001-12-31 00:00:00,0,0,0,0,,2025-01-09 16:10:07,2025-01-09 16:10:07,3,,58
193,D.u university diploma of economic intelligence,,2001-01-01 00:00:00,2001-12-31 00:00:00,0,0,0,0,,2025-01-09 16:10:07,2025-01-09 16:10:07,5,,58
194,Génie du traitement de l’information,,2004-01-01 00:00:00,2004-12-31 00:00:00,0,0,0,0,,2025-01-09 16:10:07,2025-01-09 16:10:07,3,,58
195,Master's degree in fintech,,2007-09-01 00:00:00,2011-06-30 00:00:00,0,0,0,0,,2025-01-10 14:01:19,2025-01-10 14:01:19,3,181.0,75
196,First year of master’s degree in finance,,2008-09-01 00:00:00,2009-06-30 00:00:00,0,0,0,0,,2025-01-10 14:01:20,2025-01-10 14:01:20,3,182.0,75
197,Erasmus exchange program in finance,,2009-01-01 00:00:00,2009-06-30 00:00:00,1,0,0,0,,2025-01-10 14:01:21,2025-01-10 14:01:21,6,183.0,75
198,Bachelor in management,,2007-09-01 00:00:00,2008-06-30 00:00:00,0,0,0,0,,2025-01-10 14:01:21,2025-01-10 14:01:21,2,182.0,75
199,Baccalauréat in mathematics,Baccalauréat in Mathematics obtained with Honours,,2004-06-30 00:00:00,0,0,0,0,,2025-01-10 14:01:21,2025-01-10 14:01:21,1,184.0,75
200,Master degree in asset and risk management,"Main topics: Asset management; Risk management; Derivatives product management; Financial programming using VBA, ACCESS, EXCEL, SAS, GAUSS; Financial Mathematics (Derivatives, option pricing)",2006-09-01 00:00:00,2007-06-30 00:00:00,0,0,0,0,,2025-01-17 11:04:00,2025-01-17 11:04:00,3,185.0,76
201,Master 1 in finance (equivalent ms),,2005-09-01 00:00:00,2006-06-30 00:00:00,0,0,0,0,,2025-01-17 11:04:00,2025-01-17 11:04:00,3,185.0,76
202,Licence in economics and finance,,2003-09-01 00:00:00,2004-06-30 00:00:00,0,0,0,0,,2025-01-17 11:04:01,2025-01-17 11:04:01,2,186.0,76
203,Deug in economics and management,Awarded after two years of University study,2000-09-01 00:00:00,2001-06-30 00:00:00,0,0,0,0,,2025-01-17 11:04:01,2025-01-17 11:04:01,2,185.0,76
204,Baccalauréat,High school diploma,1998-09-01 00:00:00,1999-06-30 00:00:00,0,0,0,0,,2025-01-17 11:04:01,2025-01-17 11:04:01,1,187.0,76
205,Bachelor of engineering,,,,0,0,0,0,,2025-01-17 11:07:01,2025-01-17 11:07:01,2,188.0,77
206,Diplôme d’ingénieur,Diplôme d’ingénieur de l’Institut d’Ingénierie Informatique de Limoges (3IL France).,,,0,0,0,0,,2025-01-17 23:29:19,2025-01-17 23:29:19,8,189.0,78
210,Cycle d’ingénieur d’état filière informatique et réseaux,"École marocaine des sciences de l'ingénieur (EMSI), Rabat",2022-01-01 00:00:00,2025-01-01 00:00:00,0,0,0,0,,2025-02-28 17:11:02,2025-02-28 17:11:02,7,7.0,79
211,Lst filière mathématiques appliquées,"Faculté des Sciences et Techniques (FST), Mohammedia",2017-01-01 00:00:00,2021-01-01 00:00:00,0,0,0,0,,2025-02-28 17:11:03,2025-02-28 17:11:03,2,20.0,79
212,Baccalauréat sciences physiques option français,"Lycée Newton, Mohammedia",2016-01-01 00:00:00,2017-01-01 00:00:00,0,0,0,0,,2025-02-28 17:11:03,2025-02-28 17:11:03,1,192.0,79
